Measurement noise,Prediction noise,Scene id, Score
0,0,0,1.0
0,0,1,1.0
0,0,2,1.0
0,0,3,1.0
0,0,4,1.0
0,0,5,1.0
0,0,6,1.0
0,0,7,1.0
0,0,8,1.0
0,0,9,1.0
0,0,10,1.0
0,0,11,1.0
0,0,12,1.0
0,0,13,1.0
0,0,14,1.0
0,0,15,1.0
0,0,16,1.0
0,0,17,1.0
0,0,18,1.0
0,0,19,1.0
0,0,20,1.0
0,0,21,1.0
0,0,22,1.0
0,0,23,1.0
0,0,24,1.0
0,0,25,1.0
0,0,26,1.0
0,0,27,1.0
0,0,28,1.0
0,0,29,1.0
1,0,0,1.0
1,0,1,1.0
1,0,2,1.0
1,0,3,0.8666666666666666
1,0,4,1.0
1,0,5,1.0
1,0,6,1.0
1,0,7,1.0
1,0,8,0.9333333333333332
1,0,9,1.0
1,0,10,1.0
1,0,11,1.0
1,0,12,0.9333333333333333
1,0,13,0.9333333333333333
1,0,14,0.7999999999999999
1,0,15,0.7333333333333333
1,0,16,1.0
1,0,17,1.0
1,0,18,0.9333333333333332
1,0,19,1.0
1,0,20,1.0
1,0,21,1.0
1,0,22,0.9333333333333332
1,0,23,1.0
1,0,24,0.9333333333333332
1,0,25,0.9333333333333333
1,0,26,0.8666666666666666
1,0,27,1.0
1,0,28,0.8666666666666666
1,0,29,1.0
2,0,0,1.0
2,0,1,1.0
2,0,2,0.8666666666666666
2,0,3,0.9333333333333332
2,0,4,0.8666666666666668
2,0,5,1.0
2,0,6,1.0
2,0,7,1.0
2,0,8,0.8666666666666666
2,0,9,0.7999999999999999
2,0,10,0.9333333333333333
2,0,11,0.8666666666666666
2,0,12,0.8666666666666666
2,0,13,0.9333333333333333
2,0,14,0.5999999999999999
2,0,15,0.5999999999999999
2,0,16,1.0
2,0,17,0.8666666666666666
2,0,18,0.8666666666666666
2,0,19,0.9333333333333332
2,0,20,1.0
2,0,21,1.0
2,0,22,1.0
2,0,23,1.0
2,0,24,0.7333333333333333
2,0,25,0.9333333333333332
2,0,26,0.8666666666666666
2,0,27,0.9333333333333333
2,0,28,0.8666666666666666
2,0,29,1.0
3,0,0,1.0
3,0,1,1.0
3,0,2,0.7333333333333332
3,0,3,0.8666666666666666
3,0,4,0.7999999999999999
3,0,5,0.9333333333333332
3,0,6,0.9333333333333332
3,0,7,1.0
3,0,8,0.8
3,0,9,0.7333333333333332
3,0,10,0.9333333333333332
3,0,11,0.8
3,0,12,0.8
3,0,13,1.0
3,0,14,0.6
3,0,15,0.6
3,0,16,1.0
3,0,17,0.6666666666666667
3,0,18,0.9333333333333332
3,0,19,0.9333333333333333
3,0,20,0.7999999999999999
3,0,21,1.0
3,0,22,0.9333333333333333
3,0,23,1.0
3,0,24,0.6666666666666666
3,0,25,1.0
3,0,26,0.8666666666666666
3,0,27,0.7333333333333333
3,0,28,0.8
3,0,29,0.7333333333333332
4,0,0,1.0
4,0,1,1.0
4,0,2,0.7333333333333333
4,0,3,0.5333333333333333
4,0,4,0.7333333333333333
4,0,5,0.8666666666666666
4,0,6,1.0
4,0,7,1.0
4,0,8,0.7333333333333333
4,0,9,0.7333333333333332
4,0,10,0.7333333333333333
4,0,11,0.8666666666666666
4,0,12,0.8666666666666666
4,0,13,0.9333333333333333
4,0,14,0.4666666666666666
4,0,15,0.6666666666666666
4,0,16,0.9333333333333332
4,0,17,0.5333333333333333
4,0,18,0.8666666666666666
4,0,19,0.7333333333333332
4,0,20,0.5999999999999999
4,0,21,0.9333333333333332
4,0,22,1.0
4,0,23,1.0
4,0,24,0.7333333333333333
4,0,25,0.9333333333333332
4,0,26,0.9333333333333333
4,0,27,0.7999999999999999
4,0,28,0.8666666666666666
4,0,29,0.9333333333333333
5,0,0,1.0
5,0,1,0.8666666666666666
5,0,2,0.8666666666666666
5,0,3,0.6
5,0,4,0.7333333333333332
5,0,5,0.7333333333333332
5,0,6,1.0
5,0,7,0.9333333333333332
5,0,8,0.6666666666666666
5,0,9,0.6666666666666666
5,0,10,0.7333333333333333
5,0,11,0.8
5,0,12,0.7999999999999999
5,0,13,0.8666666666666666
5,0,14,0.5333333333333334
5,0,15,0.9333333333333332
5,0,16,0.8666666666666666
5,0,17,0.5999999999999999
5,0,18,0.9333333333333333
5,0,19,0.7333333333333333
5,0,20,0.5333333333333334
5,0,21,0.8666666666666666
5,0,22,0.6666666666666666
5,0,23,1.0
5,0,24,0.5333333333333333
5,0,25,0.8666666666666668
5,0,26,1.0
5,0,27,0.7333333333333333
5,0,28,0.7333333333333333
5,0,29,0.7999999999999999
6,0,0,1.0
6,0,1,0.7333333333333333
6,0,2,0.7333333333333333
6,0,3,0.6666666666666667
6,0,4,0.6666666666666666
6,0,5,0.6666666666666666
6,0,6,0.8
6,0,7,0.8666666666666666
6,0,8,0.8666666666666666
6,0,9,0.6
6,0,10,0.7999999999999999
6,0,11,0.8666666666666666
6,0,12,0.5333333333333333
6,0,13,0.7999999999999999
6,0,14,0.6
6,0,15,0.6666666666666666
6,0,16,0.7333333333333333
6,0,17,0.6
6,0,18,0.5999999999999999
6,0,19,0.5333333333333333
6,0,20,0.4666666666666666
6,0,21,0.7999999999999999
6,0,22,0.9333333333333332
6,0,23,0.8
6,0,24,0.7333333333333332
6,0,25,0.7999999999999999
6,0,26,0.8666666666666666
6,0,27,0.6666666666666666
6,0,28,0.7999999999999999
6,0,29,0.6666666666666666
7,0,0,0.8
7,0,1,0.6666666666666666
7,0,2,0.6
7,0,3,0.8
7,0,4,0.6666666666666666
7,0,5,0.7999999999999999
7,0,6,0.8666666666666666
7,0,7,0.9333333333333332
7,0,8,0.6666666666666666
7,0,9,0.5999999999999999
7,0,10,0.8
7,0,11,0.7333333333333333
7,0,12,0.6666666666666666
7,0,13,0.7333333333333332
7,0,14,0.6666666666666666
7,0,15,0.6
7,0,16,0.6666666666666666
7,0,17,0.5333333333333333
7,0,18,0.8
7,0,19,0.4666666666666666
7,0,20,0.39999999999999997
7,0,21,0.7333333333333332
7,0,22,0.7999999999999999
7,0,23,0.7999999999999999
7,0,24,0.7333333333333332
7,0,25,0.8
7,0,26,0.5333333333333333
7,0,27,0.5999999999999999
7,0,28,0.6666666666666666
7,0,29,0.8666666666666666
8,0,0,0.6666666666666667
8,0,1,0.4666666666666667
8,0,2,0.4
8,0,3,0.6666666666666666
8,0,4,0.5999999999999999
8,0,5,0.7333333333333333
8,0,6,0.9333333333333332
8,0,7,0.7999999999999999
8,0,8,0.6666666666666667
8,0,9,0.6666666666666667
8,0,10,0.5999999999999999
8,0,11,0.6666666666666666
8,0,12,0.4
8,0,13,0.7333333333333333
8,0,14,0.5999999999999999
8,0,15,0.7333333333333333
8,0,16,0.5333333333333334
8,0,17,0.6
8,0,18,0.5999999999999999
8,0,19,0.39999999999999997
8,0,20,0.5333333333333333
8,0,21,0.7333333333333333
8,0,22,0.6666666666666666
8,0,23,0.6666666666666666
8,0,24,0.6666666666666667
8,0,25,0.7333333333333332
8,0,26,0.4666666666666666
8,0,27,0.4666666666666666
8,0,28,0.7333333333333332
8,0,29,0.7999999999999999
0,20,0,1.0
0,20,1,1.0
0,20,2,1.0
0,20,3,0.8666666666666666
0,20,4,1.0
0,20,5,1.0
0,20,6,1.0
0,20,7,0.8666666666666666
0,20,8,0.9333333333333333
0,20,9,1.0
0,20,10,1.0
0,20,11,1.0
0,20,12,0.7999999999999999
0,20,13,1.0
0,20,14,0.9333333333333332
0,20,15,0.8666666666666666
0,20,16,1.0
0,20,17,1.0
0,20,18,1.0
0,20,19,1.0
0,20,20,0.7333333333333333
0,20,21,1.0
0,20,22,0.9333333333333332
0,20,23,1.0
0,20,24,1.0
0,20,25,1.0
0,20,26,1.0
0,20,27,1.0
0,20,28,1.0
0,20,29,1.0
1,20,0,1.0
1,20,1,0.7999999999999999
1,20,2,0.39999999999999997
1,20,3,0.5333333333333333
1,20,4,0.7999999999999999
1,20,5,0.8666666666666666
1,20,6,0.8666666666666666
1,20,7,0.7333333333333333
1,20,8,0.4666666666666667
1,20,9,0.6666666666666666
1,20,10,0.5333333333333333
1,20,11,0.6666666666666666
1,20,12,0.5999999999999999
1,20,13,0.9333333333333332
1,20,14,0.6
1,20,15,0.7333333333333333
1,20,16,0.7999999999999999
1,20,17,0.6
1,20,18,0.6666666666666666
1,20,19,0.5999999999999999
1,20,20,0.6
1,20,21,0.7999999999999999
1,20,22,0.6666666666666666
1,20,23,0.6
1,20,24,0.6666666666666666
1,20,25,0.8
1,20,26,0.5333333333333333
1,20,27,0.5999999999999999
1,20,28,0.5333333333333333
1,20,29,0.8666666666666666
2,20,0,0.9333333333333332
2,20,1,0.6
2,20,2,0.4666666666666666
2,20,3,0.5999999999999999
2,20,4,0.5333333333333333
2,20,5,0.5333333333333333
2,20,6,0.8666666666666666
2,20,7,0.6666666666666666
2,20,8,0.5333333333333333
2,20,9,0.7999999999999999
2,20,10,0.3333333333333333
2,20,11,0.5333333333333333
2,20,12,0.6666666666666667
2,20,13,0.7333333333333333
2,20,14,0.6666666666666666
2,20,15,0.6
2,20,16,0.7333333333333332
2,20,17,0.5333333333333333
2,20,18,0.5999999999999999
2,20,19,0.5333333333333333
2,20,20,0.5999999999999999
2,20,21,0.7333333333333333
2,20,22,0.5333333333333333
2,20,23,0.5333333333333333
2,20,24,0.6666666666666666
2,20,25,0.7333333333333333
2,20,26,0.6
2,20,27,0.3333333333333333
2,20,28,0.5999999999999999
2,20,29,0.7999999999999999
3,20,0,0.7333333333333333
3,20,1,0.5333333333333333
3,20,2,0.4
3,20,3,0.6666666666666666
3,20,4,0.6
3,20,5,0.4666666666666667
3,20,6,0.6666666666666666
3,20,7,0.6666666666666666
3,20,8,0.6
3,20,9,0.5333333333333333
3,20,10,0.4
3,20,11,0.4666666666666666
3,20,12,0.5333333333333333
3,20,13,0.7333333333333332
3,20,14,0.5999999999999999
3,20,15,0.7333333333333332
3,20,16,0.6
3,20,17,0.6
3,20,18,0.5333333333333333
3,20,19,0.5333333333333333
3,20,20,0.6666666666666666
3,20,21,0.6666666666666666
3,20,22,0.4666666666666666
3,20,23,0.4666666666666666
3,20,24,0.5999999999999999
3,20,25,0.7333333333333332
3,20,26,0.4
3,20,27,0.5333333333333333
3,20,28,0.4666666666666667
3,20,29,0.5999999999999999
4,20,0,0.7999999999999999
4,20,1,0.5999999999999999
4,20,2,0.5333333333333333
4,20,3,0.6
4,20,4,0.4
4,20,5,0.6
4,20,6,0.5333333333333333
4,20,7,0.4666666666666666
4,20,8,0.4666666666666666
4,20,9,0.3333333333333333
4,20,10,0.39999999999999997
4,20,11,0.4666666666666667
4,20,12,0.5999999999999999
4,20,13,0.7333333333333333
4,20,14,0.6666666666666666
4,20,15,0.5333333333333333
4,20,16,0.4
4,20,17,0.4666666666666666
4,20,18,0.6666666666666666
4,20,19,0.26666666666666666
4,20,20,0.5333333333333333
4,20,21,0.5999999999999999
4,20,22,0.6666666666666666
4,20,23,0.4666666666666666
4,20,24,0.39999999999999997
4,20,25,0.7333333333333332
4,20,26,0.4666666666666666
4,20,27,0.4666666666666667
4,20,28,0.5999999999999999
4,20,29,0.5999999999999999
5,20,0,0.7333333333333333
5,20,1,0.5333333333333334
5,20,2,0.5333333333333333
5,20,3,0.6666666666666666
5,20,4,0.4666666666666666
5,20,5,0.4666666666666667
5,20,6,0.5333333333333334
5,20,7,0.6
5,20,8,0.4666666666666667
5,20,9,0.4
5,20,10,0.6666666666666666
5,20,11,0.5333333333333333
5,20,12,0.4666666666666666
5,20,13,0.4666666666666666
5,20,14,0.6666666666666667
5,20,15,0.6
5,20,16,0.6
5,20,17,0.5333333333333333
5,20,18,0.5999999999999999
5,20,19,0.5999999999999999
5,20,20,0.5333333333333333
5,20,21,0.5999999999999999
5,20,22,0.6
5,20,23,0.5333333333333333
5,20,24,0.5333333333333333
5,20,25,0.5333333333333333
5,20,26,0.5333333333333333
5,20,27,0.4666666666666667
5,20,28,0.6
5,20,29,0.5333333333333334
6,20,0,0.6666666666666667
6,20,1,0.5999999999999999
6,20,2,0.5333333333333333
6,20,3,0.5999999999999999
6,20,4,0.4666666666666667
6,20,5,0.5999999999999999
6,20,6,0.7999999999999999
6,20,7,0.6
6,20,8,0.5333333333333333
6,20,9,0.4666666666666666
6,20,10,0.3333333333333333
6,20,11,0.6
6,20,12,0.4666666666666666
6,20,13,0.5333333333333333
6,20,14,0.5333333333333333
6,20,15,0.6
6,20,16,0.3333333333333333
6,20,17,0.6
6,20,18,0.39999999999999997
6,20,19,0.4666666666666667
6,20,20,0.5333333333333333
6,20,21,0.5999999999999999
6,20,22,0.5333333333333333
6,20,23,0.39999999999999997
6,20,24,0.4666666666666666
6,20,25,0.5333333333333333
6,20,26,0.3333333333333333
6,20,27,0.5333333333333333
6,20,28,0.4666666666666666
6,20,29,0.6
7,20,0,0.6666666666666666
7,20,1,0.4666666666666666
7,20,2,0.5333333333333333
7,20,3,0.5999999999999999
7,20,4,0.5333333333333333
7,20,5,0.5333333333333333
7,20,6,0.4666666666666667
7,20,7,0.6666666666666667
7,20,8,0.3333333333333333
7,20,9,0.5333333333333333
7,20,10,0.5333333333333333
7,20,11,0.5333333333333333
7,20,12,0.4666666666666666
7,20,13,0.5999999999999999
7,20,14,0.5333333333333333
7,20,15,0.5333333333333333
7,20,16,0.4
7,20,17,0.4666666666666666
7,20,18,0.5333333333333333
7,20,19,0.3333333333333333
7,20,20,0.39999999999999997
7,20,21,0.3333333333333333
7,20,22,0.5333333333333333
7,20,23,0.6
7,20,24,0.5333333333333333
7,20,25,0.5333333333333333
7,20,26,0.5333333333333333
7,20,27,0.5333333333333333
7,20,28,0.5333333333333333
7,20,29,0.5999999999999999
8,20,0,0.5333333333333333
8,20,1,0.6666666666666666
8,20,2,0.5333333333333333
8,20,3,0.4666666666666667
8,20,4,0.4666666666666666
8,20,5,0.39999999999999997
8,20,6,0.7333333333333333
8,20,7,0.6
8,20,8,0.5333333333333334
8,20,9,0.4
8,20,10,0.4
8,20,11,0.39999999999999997
8,20,12,0.6666666666666666
8,20,13,0.4666666666666666
8,20,14,0.6
8,20,15,0.39999999999999997
8,20,16,0.4666666666666667
8,20,17,0.39999999999999997
8,20,18,0.3333333333333333
8,20,19,0.4666666666666667
8,20,20,0.6
8,20,21,0.5333333333333333
8,20,22,0.4
8,20,23,0.6
8,20,24,0.5333333333333333
8,20,25,0.5999999999999999
8,20,26,0.4666666666666667
8,20,27,0.5333333333333333
8,20,28,0.6666666666666666
8,20,29,0.6666666666666666
0,40,0,1.0
0,40,1,0.9333333333333332
0,40,2,0.9333333333333332
0,40,3,0.7999999999999999
0,40,4,1.0
0,40,5,0.8666666666666666
0,40,6,1.0
0,40,7,1.0
0,40,8,0.9333333333333332
0,40,9,0.9333333333333332
0,40,10,0.8666666666666666
0,40,11,1.0
0,40,12,0.8666666666666666
0,40,13,1.0
0,40,14,0.6666666666666666
0,40,15,0.8666666666666666
0,40,16,1.0
0,40,17,1.0
0,40,18,0.9333333333333332
0,40,19,1.0
0,40,20,0.8666666666666666
0,40,21,1.0
0,40,22,1.0
0,40,23,0.9333333333333332
0,40,24,1.0
0,40,25,1.0
0,40,26,1.0
0,40,27,1.0
0,40,28,1.0
0,40,29,1.0
1,40,0,1.0
1,40,1,0.7999999999999999
1,40,2,0.5333333333333333
1,40,3,0.6
1,40,4,0.7333333333333333
1,40,5,0.6
1,40,6,0.8666666666666666
1,40,7,0.6666666666666666
1,40,8,0.5333333333333334
1,40,9,0.6666666666666666
1,40,10,0.6
1,40,11,0.3333333333333333
1,40,12,0.3333333333333333
1,40,13,0.6666666666666666
1,40,14,0.5333333333333333
1,40,15,0.6
1,40,16,0.9333333333333332
1,40,17,0.5333333333333333
1,40,18,0.7333333333333332
1,40,19,0.5999999999999999
1,40,20,0.5333333333333333
1,40,21,0.8666666666666666
1,40,22,0.7333333333333333
1,40,23,0.5333333333333333
1,40,24,0.6
1,40,25,0.7333333333333333
1,40,26,0.5333333333333333
1,40,27,0.39999999999999997
1,40,28,0.5333333333333333
1,40,29,0.7999999999999999
2,40,0,1.0
2,40,1,0.6
2,40,2,0.3333333333333333
2,40,3,0.6666666666666666
2,40,4,0.4666666666666666
2,40,5,0.5333333333333333
2,40,6,0.7999999999999999
2,40,7,0.7333333333333332
2,40,8,0.5333333333333333
2,40,9,0.6666666666666667
2,40,10,0.4666666666666666
2,40,11,0.4666666666666667
2,40,12,0.5999999999999999
2,40,13,0.8
2,40,14,0.7333333333333333
2,40,15,0.6666666666666666
2,40,16,0.7333333333333333
2,40,17,0.6
2,40,18,0.6
2,40,19,0.5333333333333333
2,40,20,0.6
2,40,21,0.6666666666666666
2,40,22,0.4666666666666667
2,40,23,0.5333333333333333
2,40,24,0.7333333333333333
2,40,25,0.7999999999999999
2,40,26,0.4666666666666666
2,40,27,0.4666666666666667
2,40,28,0.39999999999999997
2,40,29,0.6666666666666666
3,40,0,0.7333333333333333
3,40,1,0.5999999999999999
3,40,2,0.4666666666666666
3,40,3,0.4
3,40,4,0.5333333333333334
3,40,5,0.4666666666666667
3,40,6,0.7999999999999999
3,40,7,0.7999999999999999
3,40,8,0.4666666666666667
3,40,9,0.39999999999999997
3,40,10,0.4666666666666667
3,40,11,0.6
3,40,12,0.5333333333333334
3,40,13,0.7333333333333332
3,40,14,0.7333333333333333
3,40,15,0.6
3,40,16,0.4666666666666666
3,40,17,0.39999999999999997
3,40,18,0.4
3,40,19,0.5333333333333333
3,40,20,0.4666666666666667
3,40,21,0.5333333333333333
3,40,22,0.6
3,40,23,0.4666666666666666
3,40,24,0.5999999999999999
3,40,25,0.5999999999999999
3,40,26,0.7333333333333333
3,40,27,0.4666666666666666
3,40,28,0.4666666666666667
3,40,29,0.7333333333333333
4,40,0,0.6666666666666666
4,40,1,0.6
4,40,2,0.39999999999999997
4,40,3,0.39999999999999997
4,40,4,0.5333333333333333
4,40,5,0.4666666666666666
4,40,6,0.8
4,40,7,0.6
4,40,8,0.4666666666666667
4,40,9,0.7333333333333333
4,40,10,0.5333333333333333
4,40,11,0.5333333333333333
4,40,12,0.5999999999999999
4,40,13,0.4
4,40,14,0.7333333333333332
4,40,15,0.6666666666666666
4,40,16,0.39999999999999997
4,40,17,0.5999999999999999
4,40,18,0.4666666666666666
4,40,19,0.5333333333333333
4,40,20,0.4666666666666666
4,40,21,0.5999999999999999
4,40,22,0.4666666666666666
4,40,23,0.6
4,40,24,0.4
4,40,25,0.4666666666666667
4,40,26,0.4666666666666666
4,40,27,0.4666666666666667
4,40,28,0.5999999999999999
4,40,29,0.5999999999999999
5,40,0,0.6
5,40,1,0.6666666666666666
5,40,2,0.4666666666666667
5,40,3,0.7333333333333333
5,40,4,0.6
5,40,5,0.4
5,40,6,0.6666666666666666
5,40,7,0.6
5,40,8,0.4666666666666667
5,40,9,0.6666666666666666
5,40,10,0.5333333333333333
5,40,11,0.5999999999999999
5,40,12,0.4666666666666666
5,40,13,0.6666666666666666
5,40,14,0.4666666666666666
5,40,15,0.4666666666666666
5,40,16,0.5333333333333333
5,40,17,0.5333333333333334
5,40,18,0.5333333333333333
5,40,19,0.4666666666666667
5,40,20,0.6666666666666666
5,40,21,0.5333333333333333
5,40,22,0.4
5,40,23,0.5333333333333333
5,40,24,0.5333333333333333
5,40,25,0.39999999999999997
5,40,26,0.4666666666666666
5,40,27,0.5333333333333333
5,40,28,0.6
5,40,29,0.6666666666666667
6,40,0,0.5333333333333333
6,40,1,0.4666666666666666
6,40,2,0.39999999999999997
6,40,3,0.4666666666666666
6,40,4,0.6
6,40,5,0.3333333333333333
6,40,6,0.4666666666666666
6,40,7,0.5333333333333333
6,40,8,0.4666666666666666
6,40,9,0.4666666666666667
6,40,10,0.5999999999999999
6,40,11,0.3333333333333333
6,40,12,0.6666666666666667
6,40,13,0.4
6,40,14,0.5999999999999999
6,40,15,0.39999999999999997
6,40,16,0.4666666666666666
6,40,17,0.5333333333333333
6,40,18,0.6
6,40,19,0.6666666666666666
6,40,20,0.6666666666666666
6,40,21,0.5333333333333333
6,40,22,0.5999999999999999
6,40,23,0.4666666666666667
6,40,24,0.6666666666666666
6,40,25,0.5333333333333333
6,40,26,0.6666666666666666
6,40,27,0.5333333333333333
6,40,28,0.5999999999999999
6,40,29,0.6666666666666666
7,40,0,0.7333333333333333
7,40,1,0.5333333333333334
7,40,2,0.4
7,40,3,0.39999999999999997
7,40,4,0.4666666666666667
7,40,5,0.4666666666666666
7,40,6,0.8666666666666666
7,40,7,0.5333333333333333
7,40,8,0.39999999999999997
7,40,9,0.4
7,40,10,0.6
7,40,11,0.39999999999999997
7,40,12,0.4666666666666666
7,40,13,0.3333333333333333
7,40,14,0.6
7,40,15,0.4666666666666666
7,40,16,0.6
7,40,17,0.4666666666666667
7,40,18,0.39999999999999997
7,40,19,0.39999999999999997
7,40,20,0.4666666666666666
7,40,21,0.5333333333333333
7,40,22,0.6666666666666666
7,40,23,0.5999999999999999
7,40,24,0.4666666666666667
7,40,25,0.5999999999999999
7,40,26,0.4666666666666667
7,40,27,0.5333333333333333
7,40,28,0.5333333333333333
7,40,29,0.5333333333333333
8,40,0,0.8666666666666666
8,40,1,0.5333333333333333
8,40,2,0.5333333333333333
8,40,3,0.5333333333333333
8,40,4,0.5333333333333333
8,40,5,0.4666666666666666
8,40,6,0.4666666666666667
8,40,7,0.6
8,40,8,0.5999999999999999
8,40,9,0.5333333333333333
8,40,10,0.4666666666666666
8,40,11,0.39999999999999997
8,40,12,0.4666666666666666
8,40,13,0.4
8,40,14,0.6
8,40,15,0.39999999999999997
8,40,16,0.6
8,40,17,0.6666666666666666
8,40,18,0.5999999999999999
8,40,19,0.7333333333333332
8,40,20,0.5333333333333333
8,40,21,0.5333333333333333
8,40,22,0.5333333333333333
8,40,23,0.39999999999999997
8,40,24,0.39999999999999997
8,40,25,0.3333333333333333
8,40,26,0.39999999999999997
8,40,27,0.5333333333333333
8,40,28,0.5999999999999999
8,40,29,0.4666666666666667
0,60,0,1.0
0,60,1,1.0
0,60,2,0.9333333333333332
0,60,3,0.9333333333333332
0,60,4,1.0
0,60,5,1.0
0,60,6,1.0
0,60,7,1.0
0,60,8,0.9333333333333332
0,60,9,0.7333333333333333
0,60,10,1.0
0,60,11,0.9333333333333332
0,60,12,0.8666666666666666
0,60,13,0.9333333333333332
0,60,14,0.7333333333333332
0,60,15,0.7333333333333332
0,60,16,1.0
0,60,17,1.0
0,60,18,1.0
0,60,19,1.0
0,60,20,0.7333333333333332
0,60,21,1.0
0,60,22,1.0
0,60,23,1.0
0,60,24,0.6666666666666666
0,60,25,1.0
0,60,26,1.0
0,60,27,0.9333333333333332
0,60,28,1.0
0,60,29,1.0
1,60,0,1.0
1,60,1,0.4666666666666666
1,60,2,0.5333333333333333
1,60,3,0.5333333333333333
1,60,4,0.7333333333333333
1,60,5,0.8
1,60,6,0.6666666666666666
1,60,7,0.6666666666666666
1,60,8,0.4666666666666666
1,60,9,0.8666666666666666
1,60,10,0.5333333333333333
1,60,11,0.4666666666666666
1,60,12,0.4666666666666666
1,60,13,0.7999999999999999
1,60,14,0.6
1,60,15,0.4666666666666666
1,60,16,0.6666666666666666
1,60,17,0.6666666666666666
1,60,18,0.7333333333333333
1,60,19,0.6666666666666666
1,60,20,0.8666666666666666
1,60,21,0.9333333333333333
1,60,22,0.7333333333333332
1,60,23,0.5999999999999999
1,60,24,0.7333333333333332
1,60,25,0.6666666666666666
1,60,26,0.4
1,60,27,0.5333333333333333
1,60,28,0.5999999999999999
1,60,29,0.6666666666666666
2,60,0,0.8666666666666666
2,60,1,0.5999999999999999
2,60,2,0.5999999999999999
2,60,3,0.5333333333333333
2,60,4,0.5999999999999999
2,60,5,0.4666666666666666
2,60,6,0.6
2,60,7,0.6
2,60,8,0.39999999999999997
2,60,9,0.6666666666666666
2,60,10,0.26666666666666666
2,60,11,0.4666666666666666
2,60,12,0.5333333333333333
2,60,13,0.7333333333333333
2,60,14,0.6666666666666666
2,60,15,0.4666666666666667
2,60,16,0.4666666666666667
2,60,17,0.6
2,60,18,0.5999999999999999
2,60,19,0.4666666666666666
2,60,20,0.7333333333333333
2,60,21,0.6666666666666666
2,60,22,0.6666666666666667
2,60,23,0.6
2,60,24,0.39999999999999997
2,60,25,0.7333333333333333
2,60,26,0.26666666666666666
2,60,27,0.5333333333333333
2,60,28,0.5333333333333333
2,60,29,0.7333333333333332
3,60,0,0.8
3,60,1,0.5333333333333333
3,60,2,0.5999999999999999
3,60,3,0.7333333333333333
3,60,4,0.5333333333333333
3,60,5,0.5999999999999999
3,60,6,0.4666666666666666
3,60,7,0.7333333333333332
3,60,8,0.39999999999999997
3,60,9,0.5333333333333334
3,60,10,0.5333333333333333
3,60,11,0.5333333333333333
3,60,12,0.5999999999999999
3,60,13,0.6
3,60,14,0.9333333333333332
3,60,15,0.6
3,60,16,0.5333333333333334
3,60,17,0.5333333333333334
3,60,18,0.5333333333333333
3,60,19,0.39999999999999997
3,60,20,0.6666666666666667
3,60,21,0.5333333333333333
3,60,22,0.3333333333333333
3,60,23,0.6666666666666666
3,60,24,0.5999999999999999
3,60,25,0.6
3,60,26,0.39999999999999997
3,60,27,0.39999999999999997
3,60,28,0.4666666666666667
3,60,29,0.6
4,60,0,0.7333333333333333
4,60,1,0.5333333333333333
4,60,2,0.3333333333333333
4,60,3,0.6666666666666666
4,60,4,0.4666666666666666
4,60,5,0.4666666666666666
4,60,6,0.4666666666666666
4,60,7,0.4666666666666666
4,60,8,0.39999999999999997
4,60,9,0.5333333333333333
4,60,10,0.4666666666666667
4,60,11,0.4666666666666666
4,60,12,0.5333333333333333
4,60,13,0.4666666666666666
4,60,14,0.4666666666666667
4,60,15,0.39999999999999997
4,60,16,0.5999999999999999
4,60,17,0.3333333333333333
4,60,18,0.6
4,60,19,0.5333333333333333
4,60,20,0.4666666666666667
4,60,21,0.5333333333333333
4,60,22,0.4666666666666666
4,60,23,0.5333333333333333
4,60,24,0.4
4,60,25,0.6666666666666667
4,60,26,0.4666666666666666
4,60,27,0.4666666666666666
4,60,28,0.6
4,60,29,0.5333333333333333
5,60,0,0.7333333333333333
5,60,1,0.4666666666666666
5,60,2,0.4
5,60,3,0.5333333333333333
5,60,4,0.4666666666666666
5,60,5,0.3333333333333333
5,60,6,0.5333333333333333
5,60,7,0.4666666666666666
5,60,8,0.5999999999999999
5,60,9,0.39999999999999997
5,60,10,0.5333333333333333
5,60,11,0.5333333333333333
5,60,12,0.5333333333333333
5,60,13,0.5999999999999999
5,60,14,0.6666666666666666
5,60,15,0.4666666666666667
5,60,16,0.5333333333333334
5,60,17,0.6666666666666666
5,60,18,0.4666666666666666
5,60,19,0.39999999999999997
5,60,20,0.6666666666666666
5,60,21,0.5333333333333333
5,60,22,0.6
5,60,23,0.5333333333333333
5,60,24,0.4666666666666666
5,60,25,0.4666666666666666
5,60,26,0.4666666666666666
5,60,27,0.3333333333333333
5,60,28,0.4666666666666667
5,60,29,0.6666666666666666
6,60,0,0.6666666666666666
6,60,1,0.6
6,60,2,0.4666666666666666
6,60,3,0.5333333333333333
6,60,4,0.5333333333333333
6,60,5,0.6666666666666666
6,60,6,0.5333333333333333
6,60,7,0.7333333333333333
6,60,8,0.5999999999999999
6,60,9,0.3333333333333333
6,60,10,0.6666666666666666
6,60,11,0.5333333333333333
6,60,12,0.4666666666666667
6,60,13,0.5333333333333333
6,60,14,0.6666666666666666
6,60,15,0.3333333333333333
6,60,16,0.5999999999999999
6,60,17,0.5333333333333333
6,60,18,0.5333333333333333
6,60,19,0.6
6,60,20,0.4
6,60,21,0.7333333333333333
6,60,22,0.4666666666666666
6,60,23,0.5333333333333333
6,60,24,0.5999999999999999
6,60,25,0.5333333333333333
6,60,26,0.3333333333333333
6,60,27,0.4
6,60,28,0.5333333333333333
6,60,29,0.6666666666666666
7,60,0,0.7333333333333333
7,60,1,0.5999999999999999
7,60,2,0.5999999999999999
7,60,3,0.4666666666666666
7,60,4,0.4
7,60,5,0.5999999999999999
7,60,6,0.7333333333333332
7,60,7,0.5333333333333333
7,60,8,0.6
7,60,9,0.39999999999999997
7,60,10,0.6666666666666666
7,60,11,0.4666666666666666
7,60,12,0.4666666666666667
7,60,13,0.7333333333333333
7,60,14,0.5333333333333333
7,60,15,0.6
7,60,16,0.4666666666666666
7,60,17,0.5333333333333333
7,60,18,0.5333333333333333
7,60,19,0.4666666666666666
7,60,20,0.5333333333333333
7,60,21,0.5999999999999999
7,60,22,0.5333333333333333
7,60,23,0.6
7,60,24,0.4666666666666666
7,60,25,0.5333333333333333
7,60,26,0.4666666666666666
7,60,27,0.5333333333333333
7,60,28,0.4
7,60,29,0.6
8,60,0,0.6
8,60,1,0.5999999999999999
8,60,2,0.7333333333333333
8,60,3,0.3333333333333333
8,60,4,0.5999999999999999
8,60,5,0.4666666666666666
8,60,6,0.4666666666666667
8,60,7,0.6666666666666666
8,60,8,0.3333333333333333
8,60,9,0.39999999999999997
8,60,10,0.4666666666666667
8,60,11,0.4666666666666667
8,60,12,0.5333333333333333
8,60,13,0.4666666666666667
8,60,14,0.7333333333333333
8,60,15,0.6666666666666666
8,60,16,0.4666666666666666
8,60,17,0.5333333333333333
8,60,18,0.4666666666666666
8,60,19,0.4
8,60,20,0.5999999999999999
8,60,21,0.4666666666666666
8,60,22,0.5333333333333333
8,60,23,0.4
8,60,24,0.4666666666666667
8,60,25,0.6666666666666666
8,60,26,0.4666666666666666
8,60,27,0.5333333333333333
8,60,28,0.5333333333333333
8,60,29,0.5999999999999999
0,80,0,1.0
0,80,1,0.9333333333333332
0,80,2,0.8666666666666666
0,80,3,0.8666666666666666
0,80,4,0.9333333333333332
0,80,5,0.8666666666666666
0,80,6,1.0
0,80,7,0.7333333333333332
0,80,8,0.8
0,80,9,0.6666666666666666
0,80,10,1.0
0,80,11,0.8
0,80,12,0.7333333333333333
0,80,13,1.0
0,80,14,0.7999999999999999
0,80,15,0.7999999999999999
0,80,16,1.0
0,80,17,0.8666666666666668
0,80,18,0.9333333333333332
0,80,19,0.9333333333333332
0,80,20,0.6666666666666666
0,80,21,1.0
0,80,22,0.9333333333333332
0,80,23,0.8666666666666666
0,80,24,0.7333333333333332
0,80,25,1.0
0,80,26,0.9333333333333332
0,80,27,0.7999999999999999
0,80,28,0.9333333333333332
0,80,29,1.0
1,80,0,0.9333333333333332
1,80,1,0.5999999999999999
1,80,2,0.4666666666666667
1,80,3,0.5333333333333333
1,80,4,0.6
1,80,5,0.6666666666666666
1,80,6,1.0
1,80,7,0.8
1,80,8,0.5999999999999999
1,80,9,0.6
1,80,10,0.4666666666666667
1,80,11,0.4666666666666667
1,80,12,0.5333333333333333
1,80,13,0.7333333333333333
1,80,14,0.5333333333333333
1,80,15,0.5333333333333333
1,80,16,0.8666666666666666
1,80,17,0.6
1,80,18,0.5333333333333334
1,80,19,0.6666666666666666
1,80,20,0.6666666666666666
1,80,21,0.9333333333333332
1,80,22,0.8666666666666666
1,80,23,0.7333333333333333
1,80,24,0.6
1,80,25,0.6666666666666666
1,80,26,0.5333333333333333
1,80,27,0.3333333333333333
1,80,28,0.6
1,80,29,0.6666666666666666
2,80,0,0.8
2,80,1,0.5333333333333334
2,80,2,0.7333333333333333
2,80,3,0.5333333333333333
2,80,4,0.5333333333333333
2,80,5,0.4666666666666666
2,80,6,0.7333333333333333
2,80,7,0.6666666666666667
2,80,8,0.4666666666666667
2,80,9,0.4666666666666666
2,80,10,0.4666666666666667
2,80,11,0.6
2,80,12,0.4666666666666666
2,80,13,0.4666666666666666
2,80,14,0.5999999999999999
2,80,15,0.6666666666666666
2,80,16,0.4666666666666666
2,80,17,0.5333333333333333
2,80,18,0.5333333333333334
2,80,19,0.5999999999999999
2,80,20,0.4666666666666667
2,80,21,0.7999999999999999
2,80,22,0.5333333333333333
2,80,23,0.5333333333333333
2,80,24,0.6666666666666666
2,80,25,0.5333333333333333
2,80,26,0.6
2,80,27,0.26666666666666666
2,80,28,0.5333333333333333
2,80,29,0.7333333333333333
3,80,0,0.9333333333333332
3,80,1,0.4666666666666666
3,80,2,0.5999999999999999
3,80,3,0.5999999999999999
3,80,4,0.5999999999999999
3,80,5,0.4666666666666666
3,80,6,0.7333333333333333
3,80,7,0.6666666666666666
3,80,8,0.5333333333333333
3,80,9,0.4666666666666666
3,80,10,0.39999999999999997
3,80,11,0.4
3,80,12,0.4666666666666666
3,80,13,0.5333333333333334
3,80,14,0.5333333333333333
3,80,15,0.5333333333333333
3,80,16,0.5333333333333333
3,80,17,0.5333333333333333
3,80,18,0.3333333333333333
3,80,19,0.5333333333333333
3,80,20,0.5333333333333333
3,80,21,0.6
3,80,22,0.7333333333333333
3,80,23,0.3333333333333333
3,80,24,0.4666666666666666
3,80,25,0.5333333333333333
3,80,26,0.4666666666666667
3,80,27,0.3333333333333333
3,80,28,0.6666666666666666
3,80,29,0.5999999999999999
4,80,0,0.6666666666666666
4,80,1,0.5333333333333333
4,80,2,0.4666666666666666
4,80,3,0.4666666666666666
4,80,4,0.5333333333333333
4,80,5,0.5333333333333333
4,80,6,0.4
4,80,7,0.5333333333333333
4,80,8,0.6
4,80,9,0.5333333333333333
4,80,10,0.5333333333333334
4,80,11,0.6
4,80,12,0.3333333333333333
4,80,13,0.4666666666666667
4,80,14,0.5999999999999999
4,80,15,0.4666666666666666
4,80,16,0.4666666666666666
4,80,17,0.5999999999999999
4,80,18,0.39999999999999997
4,80,19,0.39999999999999997
4,80,20,0.39999999999999997
4,80,21,0.6
4,80,22,0.4666666666666666
4,80,23,0.5999999999999999
4,80,24,0.4666666666666666
4,80,25,0.6666666666666666
4,80,26,0.4666666666666666
4,80,27,0.4
4,80,28,0.4666666666666667
4,80,29,0.5333333333333333
5,80,0,0.6
5,80,1,0.4666666666666667
5,80,2,0.6666666666666666
5,80,3,0.4
5,80,4,0.5333333333333333
5,80,5,0.6
5,80,6,0.6
5,80,7,0.6666666666666667
5,80,8,0.6666666666666666
5,80,9,0.6666666666666666
5,80,10,0.5333333333333333
5,80,11,0.5333333333333333
5,80,12,0.4666666666666666
5,80,13,0.4666666666666666
5,80,14,0.4666666666666666
5,80,15,0.4
5,80,16,0.39999999999999997
5,80,17,0.4666666666666666
5,80,18,0.39999999999999997
5,80,19,0.3333333333333333
5,80,20,0.4666666666666666
5,80,21,0.4666666666666667
5,80,22,0.4666666666666666
5,80,23,0.5999999999999999
5,80,24,0.6666666666666666
5,80,25,0.3333333333333333
5,80,26,0.39999999999999997
5,80,27,0.6666666666666666
5,80,28,0.6666666666666666
5,80,29,0.6666666666666666
6,80,0,0.5999999999999999
6,80,1,0.5333333333333333
6,80,2,0.6
6,80,3,0.7333333333333333
6,80,4,0.4666666666666666
6,80,5,0.5333333333333333
6,80,6,0.4666666666666667
6,80,7,0.5333333333333333
6,80,8,0.5333333333333333
6,80,9,0.4666666666666666
6,80,10,0.5333333333333333
6,80,11,0.5999999999999999
6,80,12,0.3333333333333333
6,80,13,0.4666666666666666
6,80,14,0.6
6,80,15,0.4666666666666666
6,80,16,0.6
6,80,17,0.6
6,80,18,0.4666666666666666
6,80,19,0.4666666666666666
6,80,20,0.4666666666666666
6,80,21,0.4666666666666666
6,80,22,0.2
6,80,23,0.5333333333333333
6,80,24,0.13333333333333333
6,80,25,0.5999999999999999
6,80,26,0.6
6,80,27,0.4
6,80,28,0.4666666666666666
6,80,29,0.5999999999999999
7,80,0,0.6666666666666666
7,80,1,0.4666666666666666
7,80,2,0.39999999999999997
7,80,3,0.4666666666666666
7,80,4,0.4
7,80,5,0.3333333333333333
7,80,6,0.5333333333333333
7,80,7,0.6
7,80,8,0.3333333333333333
7,80,9,0.5999999999999999
7,80,10,0.3333333333333333
7,80,11,0.4666666666666667
7,80,12,0.3333333333333333
7,80,13,0.4666666666666666
7,80,14,0.5999999999999999
7,80,15,0.5333333333333334
7,80,16,0.6666666666666666
7,80,17,0.3333333333333333
7,80,18,0.5333333333333333
7,80,19,0.6
7,80,20,0.4666666666666667
7,80,21,0.4666666666666666
7,80,22,0.5333333333333334
7,80,23,0.5333333333333333
7,80,24,0.6666666666666666
7,80,25,0.4666666666666667
7,80,26,0.5333333333333333
7,80,27,0.6666666666666667
7,80,28,0.6666666666666666
7,80,29,0.6
8,80,0,0.7999999999999999
8,80,1,0.6
8,80,2,0.6
8,80,3,0.26666666666666666
8,80,4,0.39999999999999997
8,80,5,0.5333333333333333
8,80,6,0.4
8,80,7,0.5999999999999999
8,80,8,0.4666666666666667
8,80,9,0.5333333333333333
8,80,10,0.4666666666666666
8,80,11,0.39999999999999997
8,80,12,0.5333333333333333
8,80,13,0.39999999999999997
8,80,14,0.5999999999999999
8,80,15,0.4
8,80,16,0.5333333333333333
8,80,17,0.6666666666666666
8,80,18,0.5333333333333333
8,80,19,0.6
8,80,20,0.4666666666666666
8,80,21,0.5333333333333333
8,80,22,0.4666666666666666
8,80,23,0.4666666666666666
8,80,24,0.4
8,80,25,0.4666666666666666
8,80,26,0.5333333333333334
8,80,27,0.5333333333333334
8,80,28,0.39999999999999997
8,80,29,0.6666666666666666
0,100,0,1.0
0,100,1,0.9333333333333332
0,100,2,0.9333333333333333
0,100,3,0.7999999999999999
0,100,4,1.0
0,100,5,1.0
0,100,6,1.0
0,100,7,0.9333333333333332
0,100,8,0.7999999999999999
0,100,9,0.6666666666666666
0,100,10,1.0
0,100,11,1.0
0,100,12,0.7333333333333332
0,100,13,1.0
0,100,14,0.7333333333333333
0,100,15,0.7333333333333333
0,100,16,1.0
0,100,17,0.9333333333333332
0,100,18,1.0
0,100,19,0.9333333333333333
0,100,20,0.8666666666666666
0,100,21,1.0
0,100,22,0.8666666666666666
0,100,23,0.8666666666666666
0,100,24,0.8
0,100,25,1.0
0,100,26,0.8666666666666666
0,100,27,1.0
0,100,28,0.8666666666666666
0,100,29,1.0
1,100,0,1.0
1,100,1,0.5333333333333333
1,100,2,0.5333333333333333
1,100,3,0.39999999999999997
1,100,4,0.6666666666666666
1,100,5,0.4666666666666666
1,100,6,0.9333333333333332
1,100,7,0.5999999999999999
1,100,8,0.5333333333333333
1,100,9,0.5999999999999999
1,100,10,0.5333333333333333
1,100,11,0.4666666666666667
1,100,12,0.4666666666666666
1,100,13,0.7999999999999999
1,100,14,0.6666666666666666
1,100,15,0.7333333333333332
1,100,16,0.7333333333333333
1,100,17,0.6
1,100,18,0.6
1,100,19,0.4666666666666666
1,100,20,0.5333333333333333
1,100,21,0.6666666666666666
1,100,22,0.6
1,100,23,0.5333333333333333
1,100,24,0.6666666666666666
1,100,25,0.7333333333333332
1,100,26,0.39999999999999997
1,100,27,0.6666666666666666
1,100,28,0.4666666666666666
1,100,29,0.7333333333333333
2,100,0,0.7333333333333333
2,100,1,0.4666666666666666
2,100,2,0.5333333333333333
2,100,3,0.4666666666666666
2,100,4,0.4666666666666666
2,100,5,0.4666666666666666
2,100,6,0.8
2,100,7,0.7999999999999999
2,100,8,0.3333333333333333
2,100,9,0.7333333333333333
2,100,10,0.4666666666666667
2,100,11,0.39999999999999997
2,100,12,0.4666666666666666
2,100,13,0.6666666666666666
2,100,14,0.8
2,100,15,0.4666666666666666
2,100,16,0.4666666666666666
2,100,17,0.5333333333333333
2,100,18,0.6
2,100,19,0.6
2,100,20,0.5999999999999999
2,100,21,0.4666666666666667
2,100,22,0.5999999999999999
2,100,23,0.5333333333333333
2,100,24,0.4666666666666666
2,100,25,0.6666666666666666
2,100,26,0.4666666666666666
2,100,27,0.5333333333333333
2,100,28,0.5333333333333333
2,100,29,0.6666666666666666
3,100,0,0.6
3,100,1,0.3333333333333333
3,100,2,0.5999999999999999
3,100,3,0.4666666666666666
3,100,4,0.4666666666666666
3,100,5,0.4666666666666666
3,100,6,0.5999999999999999
3,100,7,0.4666666666666666
3,100,8,0.5333333333333333
3,100,9,0.6666666666666666
3,100,10,0.39999999999999997
3,100,11,0.4666666666666666
3,100,12,0.39999999999999997
3,100,13,0.6
3,100,14,0.6
3,100,15,0.7333333333333332
3,100,16,0.5333333333333333
3,100,17,0.5333333333333333
3,100,18,0.5333333333333333
3,100,19,0.39999999999999997
3,100,20,0.5333333333333333
3,100,21,0.4666666666666666
3,100,22,0.5333333333333333
3,100,23,0.5333333333333333
3,100,24,0.4666666666666667
3,100,25,0.6666666666666666
3,100,26,0.6
3,100,27,0.4666666666666666
3,100,28,0.5333333333333333
3,100,29,0.6
4,100,0,0.7333333333333333
4,100,1,0.4
4,100,2,0.4666666666666666
4,100,3,0.4666666666666667
4,100,4,0.7333333333333333
4,100,5,0.6
4,100,6,0.6666666666666666
4,100,7,0.6666666666666666
4,100,8,0.5333333333333334
4,100,9,0.4666666666666666
4,100,10,0.5333333333333333
4,100,11,0.4666666666666666
4,100,12,0.4
4,100,13,0.4666666666666666
4,100,14,0.6666666666666666
4,100,15,0.39999999999999997
4,100,16,0.4666666666666667
4,100,17,0.5999999999999999
4,100,18,0.5333333333333333
4,100,19,0.4
4,100,20,0.4
4,100,21,0.6
4,100,22,0.39999999999999997
4,100,23,0.3333333333333333
4,100,24,0.3333333333333333
4,100,25,0.5999999999999999
4,100,26,0.5333333333333333
4,100,27,0.4
4,100,28,0.5999999999999999
4,100,29,0.6666666666666666
5,100,0,0.8666666666666668
5,100,1,0.6
5,100,2,0.4666666666666666
5,100,3,0.4666666666666666
5,100,4,0.4666666666666666
5,100,5,0.4
5,100,6,0.6666666666666666
5,100,7,0.5333333333333333
5,100,8,0.5999999999999999
5,100,9,0.39999999999999997
5,100,10,0.5333333333333333
5,100,11,0.5999999999999999
5,100,12,0.5333333333333333
5,100,13,0.4
5,100,14,0.5333333333333333
5,100,15,0.5333333333333334
5,100,16,0.6
5,100,17,0.5333333333333333
5,100,18,0.4666666666666666
5,100,19,0.39999999999999997
5,100,20,0.5333333333333333
5,100,21,0.5333333333333333
5,100,22,0.5333333333333333
5,100,23,0.3333333333333333
5,100,24,0.5333333333333333
5,100,25,0.4666666666666666
5,100,26,0.5333333333333333
5,100,27,0.3333333333333333
5,100,28,0.4666666666666666
5,100,29,0.6
6,100,0,0.8
6,100,1,0.4666666666666666
6,100,2,0.4666666666666666
6,100,3,0.5333333333333333
6,100,4,0.4
6,100,5,0.4666666666666666
6,100,6,0.6
6,100,7,0.5333333333333333
6,100,8,0.5333333333333333
6,100,9,0.39999999999999997
6,100,10,0.4666666666666667
6,100,11,0.39999999999999997
6,100,12,0.6
6,100,13,0.5333333333333333
6,100,14,0.6666666666666666
6,100,15,0.5333333333333333
6,100,16,0.7333333333333333
6,100,17,0.4666666666666666
6,100,18,0.5999999999999999
6,100,19,0.7333333333333333
6,100,20,0.4666666666666667
6,100,21,0.5333333333333333
6,100,22,0.4666666666666666
6,100,23,0.5333333333333333
6,100,24,0.5999999999999999
6,100,25,0.5333333333333333
6,100,26,0.4666666666666666
6,100,27,0.3333333333333333
6,100,28,0.5999999999999999
6,100,29,0.6
7,100,0,0.8
7,100,1,0.4
7,100,2,0.5333333333333333
7,100,3,0.5333333333333333
7,100,4,0.39999999999999997
7,100,5,0.4
7,100,6,0.4666666666666666
7,100,7,0.5999999999999999
7,100,8,0.4
7,100,9,0.5333333333333334
7,100,10,0.6
7,100,11,0.4666666666666667
7,100,12,0.4666666666666666
7,100,13,0.6
7,100,14,0.6666666666666667
7,100,15,0.6
7,100,16,0.5333333333333333
7,100,17,0.5333333333333333
7,100,18,0.4666666666666666
7,100,19,0.5333333333333333
7,100,20,0.39999999999999997
7,100,21,0.5333333333333333
7,100,22,0.4666666666666666
7,100,23,0.39999999999999997
7,100,24,0.6666666666666666
7,100,25,0.5999999999999999
7,100,26,0.5333333333333333
7,100,27,0.26666666666666666
7,100,28,0.6
7,100,29,0.6
8,100,0,0.8
8,100,1,0.39999999999999997
8,100,2,0.4
8,100,3,0.5333333333333333
8,100,4,0.4666666666666666
8,100,5,0.26666666666666666
8,100,6,0.5333333333333333
8,100,7,0.5333333333333333
8,100,8,0.6666666666666666
8,100,9,0.7333333333333333
8,100,10,0.4666666666666666
8,100,11,0.3333333333333333
8,100,12,0.5333333333333333
8,100,13,0.6
8,100,14,0.6
8,100,15,0.5333333333333333
8,100,16,0.5333333333333333
8,100,17,0.5999999999999999
8,100,18,0.39999999999999997
8,100,19,0.4666666666666666
8,100,20,0.5333333333333333
8,100,21,0.4666666666666666
8,100,22,0.5333333333333333
8,100,23,0.6
8,100,24,0.6666666666666666
8,100,25,0.5333333333333334
8,100,26,0.4666666666666666
8,100,27,0.39999999999999997
8,100,28,0.4
8,100,29,0.5999999999999999
0,120,0,1.0
0,120,1,0.8666666666666666
0,120,2,0.9333333333333333
0,120,3,0.9333333333333332
0,120,4,0.9333333333333332
0,120,5,0.9333333333333333
0,120,6,1.0
0,120,7,1.0
0,120,8,0.8666666666666666
0,120,9,0.7333333333333332
0,120,10,0.9333333333333332
0,120,11,0.5999999999999999
0,120,12,0.5999999999999999
0,120,13,0.9333333333333332
0,120,14,0.8666666666666666
0,120,15,0.6666666666666666
0,120,16,1.0
0,120,17,0.7999999999999999
0,120,18,0.8666666666666666
0,120,19,0.9333333333333332
0,120,20,0.6666666666666666
0,120,21,1.0
0,120,22,1.0
0,120,23,1.0
0,120,24,0.7999999999999999
0,120,25,1.0
0,120,26,1.0
0,120,27,0.8666666666666666
0,120,28,0.8666666666666666
0,120,29,1.0
1,120,0,0.9333333333333332
1,120,1,0.5333333333333333
1,120,2,0.4666666666666667
1,120,3,0.4666666666666666
1,120,4,0.6666666666666666
1,120,5,0.5999999999999999
1,120,6,1.0
1,120,7,0.6
1,120,8,0.6666666666666666
1,120,9,0.6666666666666666
1,120,10,0.4666666666666667
1,120,11,0.4666666666666666
1,120,12,0.5333333333333333
1,120,13,0.7333333333333333
1,120,14,0.6666666666666667
1,120,15,0.5999999999999999
1,120,16,0.8666666666666666
1,120,17,0.5333333333333333
1,120,18,0.5333333333333333
1,120,19,0.6666666666666666
1,120,20,0.6666666666666667
1,120,21,0.8
1,120,22,0.7333333333333332
1,120,23,0.5999999999999999
1,120,24,0.6
1,120,25,0.5333333333333333
1,120,26,0.5999999999999999
1,120,27,0.4666666666666667
1,120,28,0.7333333333333332
1,120,29,0.7999999999999999
2,120,0,0.6666666666666666
2,120,1,0.4666666666666667
2,120,2,0.3333333333333333
2,120,3,0.5333333333333333
2,120,4,0.5333333333333333
2,120,5,0.4666666666666667
2,120,6,0.6666666666666666
2,120,7,0.5999999999999999
2,120,8,0.4666666666666666
2,120,9,0.6
2,120,10,0.4666666666666666
2,120,11,0.4666666666666667
2,120,12,0.39999999999999997
2,120,13,0.8
2,120,14,0.5999999999999999
2,120,15,0.4666666666666667
2,120,16,0.6666666666666666
2,120,17,0.5333333333333334
2,120,18,0.6666666666666666
2,120,19,0.26666666666666666
2,120,20,0.7999999999999999
2,120,21,0.6666666666666666
2,120,22,0.3333333333333333
2,120,23,0.5999999999999999
2,120,24,0.5333333333333333
2,120,25,0.5999999999999999
2,120,26,0.4666666666666666
2,120,27,0.39999999999999997
2,120,28,0.6
2,120,29,0.7333333333333333
3,120,0,0.7333333333333333
3,120,1,0.6666666666666666
3,120,2,0.5333333333333333
3,120,3,0.6666666666666666
3,120,4,0.6666666666666666
3,120,5,0.5333333333333333
3,120,6,0.6
3,120,7,0.6666666666666666
3,120,8,0.5999999999999999
3,120,9,0.4666666666666666
3,120,10,0.4
3,120,11,0.39999999999999997
3,120,12,0.2
3,120,13,0.4666666666666667
3,120,14,0.6666666666666666
3,120,15,0.4666666666666666
3,120,16,0.5333333333333333
3,120,17,0.5333333333333334
3,120,18,0.4
3,120,19,0.5333333333333334
3,120,20,0.5333333333333333
3,120,21,0.7333333333333333
3,120,22,0.6
3,120,23,0.4666666666666667
3,120,24,0.5333333333333333
3,120,25,0.7333333333333333
3,120,26,0.4666666666666666
3,120,27,0.4666666666666667
3,120,28,0.5333333333333333
3,120,29,0.6666666666666666
4,120,0,0.7999999999999999
4,120,1,0.4666666666666667
4,120,2,0.26666666666666666
4,120,3,0.39999999999999997
4,120,4,0.5333333333333333
4,120,5,0.5333333333333333
4,120,6,0.6666666666666666
4,120,7,0.6666666666666666
4,120,8,0.39999999999999997
4,120,9,0.5333333333333333
4,120,10,0.5999999999999999
4,120,11,0.39999999999999997
4,120,12,0.7333333333333332
4,120,13,0.39999999999999997
4,120,14,0.6
4,120,15,0.5333333333333333
4,120,16,0.39999999999999997
4,120,17,0.5333333333333333
4,120,18,0.6666666666666666
4,120,19,0.4666666666666666
4,120,20,0.6
4,120,21,0.3333333333333333
4,120,22,0.6
4,120,23,0.4666666666666667
4,120,24,0.5333333333333333
4,120,25,0.5999999999999999
4,120,26,0.39999999999999997
4,120,27,0.39999999999999997
4,120,28,0.5333333333333333
4,120,29,0.6666666666666666
5,120,0,0.9333333333333332
5,120,1,0.4666666666666666
5,120,2,0.5999999999999999
5,120,3,0.6666666666666666
5,120,4,0.4
5,120,5,0.4666666666666667
5,120,6,0.4666666666666666
5,120,7,0.6666666666666667
5,120,8,0.5333333333333333
5,120,9,0.5999999999999999
5,120,10,0.4666666666666667
5,120,11,0.39999999999999997
5,120,12,0.6
5,120,13,0.3333333333333333
5,120,14,0.5999999999999999
5,120,15,0.6
5,120,16,0.5999999999999999
5,120,17,0.4666666666666667
5,120,18,0.6
5,120,19,0.4666666666666666
5,120,20,0.4666666666666666
5,120,21,0.6
5,120,22,0.3333333333333333
5,120,23,0.39999999999999997
5,120,24,0.39999999999999997
5,120,25,0.3333333333333333
5,120,26,0.5333333333333333
5,120,27,0.5333333333333333
5,120,28,0.5333333333333333
5,120,29,0.5333333333333333
6,120,0,0.5333333333333333
6,120,1,0.3333333333333333
6,120,2,0.5999999999999999
6,120,3,0.39999999999999997
6,120,4,0.4666666666666666
6,120,5,0.4
6,120,6,0.5999999999999999
6,120,7,0.6666666666666666
6,120,8,0.6666666666666666
6,120,9,0.5333333333333333
6,120,10,0.4666666666666666
6,120,11,0.4666666666666666
6,120,12,0.6666666666666666
6,120,13,0.4
6,120,14,0.5333333333333333
6,120,15,0.4
6,120,16,0.6
6,120,17,0.5333333333333333
6,120,18,0.5333333333333333
6,120,19,0.6
6,120,20,0.6
6,120,21,0.6666666666666666
6,120,22,0.4666666666666667
6,120,23,0.6666666666666666
6,120,24,0.4666666666666667
6,120,25,0.39999999999999997
6,120,26,0.39999999999999997
6,120,27,0.4666666666666667
6,120,28,0.39999999999999997
6,120,29,0.7333333333333333
7,120,0,0.8
7,120,1,0.5333333333333333
7,120,2,0.5333333333333333
7,120,3,0.4666666666666666
7,120,4,0.4666666666666666
7,120,5,0.5333333333333333
7,120,6,0.6666666666666666
7,120,7,0.6
7,120,8,0.5999999999999999
7,120,9,0.5333333333333333
7,120,10,0.5333333333333333
7,120,11,0.4666666666666667
7,120,12,0.4
7,120,13,0.4666666666666666
7,120,14,0.5333333333333333
7,120,15,0.5333333333333333
7,120,16,0.39999999999999997
7,120,17,0.5333333333333333
7,120,18,0.5333333333333333
7,120,19,0.5333333333333333
7,120,20,0.6
7,120,21,0.4666666666666666
7,120,22,0.4666666666666666
7,120,23,0.4666666666666666
7,120,24,0.39999999999999997
7,120,25,0.6666666666666666
7,120,26,0.6666666666666667
7,120,27,0.3333333333333333
7,120,28,0.6
7,120,29,0.4666666666666666
8,120,0,0.4666666666666667
8,120,1,0.4
8,120,2,0.5999999999999999
8,120,3,0.5333333333333333
8,120,4,0.4666666666666666
8,120,5,0.4
8,120,6,0.7333333333333333
8,120,7,0.6
8,120,8,0.5333333333333333
8,120,9,0.5333333333333333
8,120,10,0.4666666666666666
8,120,11,0.39999999999999997
8,120,12,0.3333333333333333
8,120,13,0.5999999999999999
8,120,14,0.6
8,120,15,0.4
8,120,16,0.6
8,120,17,0.39999999999999997
8,120,18,0.4666666666666666
8,120,19,0.6666666666666666
8,120,20,0.26666666666666666
8,120,21,0.6
8,120,22,0.5333333333333333
8,120,23,0.5333333333333333
8,120,24,0.4666666666666666
8,120,25,0.5333333333333333
8,120,26,0.4666666666666667
8,120,27,0.6666666666666666
8,120,28,0.4666666666666666
8,120,29,0.5999999999999999
0,140,0,1.0
0,140,1,0.8666666666666666
0,140,2,1.0
0,140,3,0.8666666666666666
0,140,4,0.8666666666666668
0,140,5,0.9333333333333332
0,140,6,1.0
0,140,7,0.9333333333333332
0,140,8,0.7333333333333333
0,140,9,0.7999999999999999
0,140,10,0.8666666666666666
0,140,11,0.6
0,140,12,0.6666666666666667
0,140,13,0.9333333333333332
0,140,14,0.6666666666666666
0,140,15,0.7333333333333333
0,140,16,0.8666666666666666
0,140,17,0.7333333333333333
0,140,18,0.8666666666666666
0,140,19,1.0
0,140,20,0.7333333333333333
0,140,21,1.0
0,140,22,0.9333333333333332
0,140,23,0.9333333333333332
0,140,24,0.7333333333333333
0,140,25,1.0
0,140,26,0.9333333333333332
0,140,27,0.9333333333333333
0,140,28,0.9333333333333333
0,140,29,1.0
1,140,0,0.8666666666666666
1,140,1,0.7999999999999999
1,140,2,0.5333333333333333
1,140,3,0.5333333333333333
1,140,4,0.3333333333333333
1,140,5,0.4666666666666666
1,140,6,0.9333333333333332
1,140,7,0.7333333333333333
1,140,8,0.5999999999999999
1,140,9,0.6666666666666666
1,140,10,0.39999999999999997
1,140,11,0.5333333333333333
1,140,12,0.6666666666666666
1,140,13,0.7333333333333333
1,140,14,0.4
1,140,15,0.5999999999999999
1,140,16,0.7333333333333333
1,140,17,0.7333333333333333
1,140,18,0.6666666666666666
1,140,19,0.7333333333333332
1,140,20,0.6
1,140,21,0.8666666666666666
1,140,22,0.4666666666666667
1,140,23,0.6
1,140,24,0.6666666666666666
1,140,25,0.6
1,140,26,0.5999999999999999
1,140,27,0.5999999999999999
1,140,28,0.5333333333333333
1,140,29,0.7333333333333332
2,140,0,0.8666666666666666
2,140,1,0.5333333333333333
2,140,2,0.26666666666666666
2,140,3,0.5999999999999999
2,140,4,0.4666666666666666
2,140,5,0.5333333333333333
2,140,6,0.8666666666666666
2,140,7,0.4666666666666666
2,140,8,0.4666666666666667
2,140,9,0.4666666666666666
2,140,10,0.4666666666666667
2,140,11,0.5333333333333333
2,140,12,0.4666666666666666
2,140,13,0.6666666666666667
2,140,14,0.7333333333333332
2,140,15,0.5333333333333333
2,140,16,0.6666666666666666
2,140,17,0.4
2,140,18,0.5999999999999999
2,140,19,0.6666666666666666
2,140,20,0.6
2,140,21,0.6666666666666666
2,140,22,0.5333333333333333
2,140,23,0.4666666666666666
2,140,24,0.3333333333333333
2,140,25,0.5333333333333333
2,140,26,0.39999999999999997
2,140,27,0.5333333333333333
2,140,28,0.7333333333333333
2,140,29,0.6
3,140,0,0.6
3,140,1,0.4666666666666666
3,140,2,0.4666666666666667
3,140,3,0.4666666666666666
3,140,4,0.5999999999999999
3,140,5,0.5333333333333333
3,140,6,0.7333333333333333
3,140,7,0.6
3,140,8,0.5333333333333334
3,140,9,0.4666666666666666
3,140,10,0.5333333333333333
3,140,11,0.4666666666666667
3,140,12,0.5333333333333333
3,140,13,0.5999999999999999
3,140,14,0.6
3,140,15,0.6666666666666666
3,140,16,0.26666666666666666
3,140,17,0.39999999999999997
3,140,18,0.4666666666666666
3,140,19,0.4666666666666666
3,140,20,0.4666666666666666
3,140,21,0.6
3,140,22,0.5333333333333333
3,140,23,0.6
3,140,24,0.4666666666666667
3,140,25,0.5999999999999999
3,140,26,0.5333333333333333
3,140,27,0.4666666666666666
3,140,28,0.5333333333333333
3,140,29,0.4666666666666666
4,140,0,0.7999999999999999
4,140,1,0.3333333333333333
4,140,2,0.5333333333333333
4,140,3,0.5333333333333333
4,140,4,0.6
4,140,5,0.39999999999999997
4,140,6,0.6
4,140,7,0.5999999999999999
4,140,8,0.5333333333333333
4,140,9,0.5333333333333333
4,140,10,0.7333333333333332
4,140,11,0.5333333333333333
4,140,12,0.4
4,140,13,0.5333333333333333
4,140,14,0.6666666666666667
4,140,15,0.5999999999999999
4,140,16,0.4
4,140,17,0.5333333333333333
4,140,18,0.4666666666666666
4,140,19,0.5333333333333333
4,140,20,0.39999999999999997
4,140,21,0.39999999999999997
4,140,22,0.6666666666666667
4,140,23,0.4666666666666667
4,140,24,0.5333333333333334
4,140,25,0.6666666666666666
4,140,26,0.5999999999999999
4,140,27,0.5333333333333333
4,140,28,0.7333333333333333
4,140,29,0.6666666666666666
5,140,0,0.6666666666666667
5,140,1,0.39999999999999997
5,140,2,0.6666666666666666
5,140,3,0.5999999999999999
5,140,4,0.4666666666666667
5,140,5,0.39999999999999997
5,140,6,0.4666666666666666
5,140,7,0.4
5,140,8,0.5333333333333333
5,140,9,0.3333333333333333
5,140,10,0.5333333333333333
5,140,11,0.5333333333333333
5,140,12,0.39999999999999997
5,140,13,0.6
5,140,14,0.4666666666666666
5,140,15,0.4
5,140,16,0.6666666666666666
5,140,17,0.6666666666666666
5,140,18,0.4666666666666666
5,140,19,0.6
5,140,20,0.4666666666666666
5,140,21,0.5999999999999999
5,140,22,0.4666666666666666
5,140,23,0.4666666666666666
5,140,24,0.5333333333333333
5,140,25,0.4666666666666666
5,140,26,0.26666666666666666
5,140,27,0.5333333333333333
5,140,28,0.5333333333333333
5,140,29,0.6
6,140,0,0.6
6,140,1,0.5333333333333333
6,140,2,0.39999999999999997
6,140,3,0.26666666666666666
6,140,4,0.4666666666666666
6,140,5,0.26666666666666666
6,140,6,0.4666666666666666
6,140,7,0.4666666666666666
6,140,8,0.5999999999999999
6,140,9,0.4666666666666667
6,140,10,0.4666666666666667
6,140,11,0.4666666666666666
6,140,12,0.39999999999999997
6,140,13,0.4666666666666666
6,140,14,0.6666666666666666
6,140,15,0.39999999999999997
6,140,16,0.4666666666666666
6,140,17,0.5333333333333333
6,140,18,0.4666666666666666
6,140,19,0.5333333333333333
6,140,20,0.5333333333333333
6,140,21,0.6666666666666666
6,140,22,0.6666666666666666
6,140,23,0.39999999999999997
6,140,24,0.4666666666666666
6,140,25,0.6
6,140,26,0.6
6,140,27,0.5333333333333333
6,140,28,0.4666666666666666
6,140,29,0.7999999999999999
7,140,0,0.7333333333333333
7,140,1,0.4666666666666666
7,140,2,0.4666666666666667
7,140,3,0.3333333333333333
7,140,4,0.5333333333333333
7,140,5,0.5999999999999999
7,140,6,0.7333333333333333
7,140,7,0.5333333333333333
7,140,8,0.5333333333333333
7,140,9,0.39999999999999997
7,140,10,0.5333333333333333
7,140,11,0.39999999999999997
7,140,12,0.7333333333333332
7,140,13,0.4666666666666666
7,140,14,0.6666666666666666
7,140,15,0.4666666666666666
7,140,16,0.6666666666666666
7,140,17,0.5333333333333333
7,140,18,0.6666666666666666
7,140,19,0.5333333333333333
7,140,20,0.7333333333333333
7,140,21,0.4666666666666666
7,140,22,0.4666666666666666
7,140,23,0.39999999999999997
7,140,24,0.5333333333333333
7,140,25,0.5999999999999999
7,140,26,0.4666666666666667
7,140,27,0.5999999999999999
7,140,28,0.4
7,140,29,0.7333333333333333
8,140,0,0.8
8,140,1,0.26666666666666666
8,140,2,0.5333333333333334
8,140,3,0.39999999999999997
8,140,4,0.6
8,140,5,0.3333333333333333
8,140,6,0.7333333333333332
8,140,7,0.39999999999999997
8,140,8,0.4666666666666666
8,140,9,0.5333333333333333
8,140,10,0.6666666666666666
8,140,11,0.39999999999999997
8,140,12,0.4666666666666666
8,140,13,0.5999999999999999
8,140,14,0.8
8,140,15,0.4666666666666666
8,140,16,0.39999999999999997
8,140,17,0.4666666666666666
8,140,18,0.4
8,140,19,0.3333333333333333
8,140,20,0.4666666666666667
8,140,21,0.4666666666666667
8,140,22,0.5333333333333333
8,140,23,0.5999999999999999
8,140,24,0.4666666666666666
8,140,25,0.4666666666666666
8,140,26,0.5999999999999999
8,140,27,0.4
8,140,28,0.39999999999999997
8,140,29,0.5333333333333333
